ticker,date,title,description,url,source
KOTAKBANK,"Tue, 06 Jan 2026 08:00:00 GMT",Kotak Mahindra Bank shares rise 2% after Q3 update shows 16% YoY growth in net advances - The Economic Times,Kotak Mahindra Bank shares rise 2% after Q3 update shows 16% YoY growth in net advances  The Economic Times,https://news.google.com/rss/articles/CBMi8wFBVV95cUxObkpqY2JDckxCOXZvNEF6cEpQWEJGQUxiaEI1bDN6T0RXU2pXZmcxdTRxbUIxTjN3UkYxVTJiUnZUcTNFdWM3YUtzbDdfRUZoeTdDUDBGb3BaX2NocDEwUmh3eEdlUG5ST2RzSkpqVnFGYzNxN0VDMEpWNFdIeDVYMXJhNENiLWt1OVBCVHF1MXYyUkdJTXBYbkNBN3k3NDFmcHJMS3R0REY0STFEM3VXS1Z1alV1Yl9YbFRyc1F5cVhZM2xFMWlhdUcxcU9RZkhaUU9uSmNxMXNvNDh0djFNMHdhZ29Va0tLeFFaY19vSWUxSUnSAfgBQVVfeXFMUFZGLWp6LTNpakUxemlFaW0wNHktVHlBSzNUNjAtYkd1bzFMc09TSy1sbmJ5Z0l3S3NzbkIyR0FENzhrbm1JaDZQSGp4cEJGTHFPUXFmSmpGZ3RJeHAzZXBGYnJpUEJ4S2RBWndfU3VxQVRhUU41QVFjRVhFdWNGdjlnenNWZEdadlA3blNzd2I0cUF2bXpxSFVCcXk5bU1ZOGl6eEQzYWRQb2xpYnhtTW8zRW53ZXJTbjZENkVQRXZuMkJsSEU3MU4tekVibmdXLXZVMGpTQS1UOHZiaENMLUtYXzdKdnlwaTNEemhsYk85RWxpNTJBTkU?oc=5&hl=en-IN&gl=IN&ceid=IN:en,The Economic Times
KOTAKBANK,"Thu, 01 Jan 2026 08:00:00 GMT","Five stocks to buy: RBL Bank, Kotak Mahindra Bank, HUL, UPL and JSW Energy - MSN","Five stocks to buy: RBL Bank, Kotak Mahindra Bank, HUL, UPL and JSW Energy  MSN",https://news.google.com/rss/articles/CBMi4gFBVV95cUxQVXRWQjRrdDh3SUZhM0VBSXBqRXBJNnpvRlJubnhqcXRxcFQ2QjR3Vk1md0NnTm9uQWxJbjlDdWpQZjhVWFpIZVFzWTB6b2RBb3JpdXhZUy13Q0pvVUNNbmEwVkdUMVJsRVRlMnBUQWNKNDBoaHZRRFd1M2VLUlA5LU9kb08ta1pCZnhIMGVoZG9MUXdJM0ZYRXJrcmE1OGFWNDlQaE45Z3F0T3VoeFdNbTVPdVRfSFVWTlYxVEItd09fMjFXUElqRkNXWVpXQnpLdDAwalZDRURpeWR1cDJ0Nlhn?oc=5&hl=en-IN&gl=IN&ceid=IN:en,MSN
KOTAKBANK,"Tue, 06 Jan 2026 08:00:00 GMT",Kotak Mahindra Bank Q3 net advances jumps ~16% y-o-y - India Infoline,Kotak Mahindra Bank Q3 net advances jumps ~16% y-o-y  India Infoline,https://news.google.com/rss/articles/CBMimwFBVV95cUxQZ0RMc1F4MkJxUm5ZTmhTa29qTFFabnN6STJueGFUMUxLS0tFMnc0ei1fY29SSU1hdzdxZWMzOHlZdjBPeFVaTklWelo5VWVvclZRSm95OVJZZ2dfNTlleUhoNkN6MGVyc1FvQmRvR0RLOHNYZEhCcUluUWZoQ0RjQ0xXdlRxcklweVFxczFKbUVSVU5WdUlJOGNDVQ?oc=5&hl=en-IN&gl=IN&ceid=IN:en,India Infoline
KOTAKBANK,"Mon, 29 Dec 2025 08:00:00 GMT",Kotak Mahindra Bank stock in news as lender fixes record date for stock split - Business Today,Kotak Mahindra Bank stock in news as lender fixes record date for stock split  Business Today,https://news.google.com/rss/articles/CBMi3gFBVV95cUxPYnlZUDB4Y0lUSWVNTFh5azJXSWVXSFpzR2dwcUdMckRGMkNFbXAwem9OazZSNDR3aGktVFFtd2lfTlB6bnNmUkV2Yk9TaVZnN2R1eTdSTENjdlJMWEtkME9Ec25NSV9ybFE4ODJPelVBNEg3UFRCZUFrXzZEZlJBV2JuZ0lUSWVIajZvLTdmVVg3V0lnY0xPT2xwY3BXeXNJRFoxZHpUeE01UjVnb3lXbzVNeGVjVG82LTRhaGhrRXcyeU5RUW9FLTU5b2tKMnc0NDNEc0REMmZKdUUtOWfSAeMBQVVfeXFMUDRodG9HUWp2WjZ6eDFUYlJ2RlBiQ2JKZzVNWmt0Z3dzWHNPTVZhaDQ3WmtLNC1zOUJ2VllGOFFZRFNjM19zbXVLVnY2V3d2cUwxcG9QUDBKbmFhMG4yX1pjRUpUUkNFWTNJYU5UYlowa0ltN09lOV9ZVmd6LU9md1R6LXpJQXFFZWlXc2pYUGJnVG9wcFF3X1ZvQ3Y5Wm1VRGFEYnJobEVUTmF2NV9KQjhGWWU5eGttRjFsdW04ODdnbUtNTEloRVJJOXZYMnhMTVhkZXlsb01OYkIwUnZPTmhRUkk?oc=5&hl=en-IN&gl=IN&ceid=IN:en,Business Today
KOTAKBANK,"Wed, 14 Jan 2026 05:03:00 GMT",Key facts: Kotak Mahindra Bank shares split; NCD issuance resolution planned - TradingView — Track All Markets,Key facts: Kotak Mahindra Bank shares split; NCD issuance resolution planned  TradingView — Track All Markets,https://news.google.com/rss/articles/CBMi0gFBVV95cUxPZS01cDV3X0JkUE1aX2pjOVZiM0F3Sk1fd2pNbTRmd0p0MW9UTHdCVzJIdWhuZkg0dXdsdE5sM3pORTFER1dEZ0RwTDVxT3dzenBUNlZRNnNTZ09CSExvamdMQlVCeVBBZkpvUXl1NVJVRUZKTFgteEw3b0FTOG4za0dOdzBMallrYThTdEdnb1lnMXBYUDhZVVZZamJTbXozT2gtZ0N1SHJLMmFKeVFUOXVXSlozUWcwUmFQQS1PTlh2OENfcTRmUW5Yclo5Y2l6Z3c?oc=5&hl=en-IN&gl=IN&ceid=IN:en,TradingView — Track All Markets
KOTAKBANK,"Wed, 14 Jan 2026 22:42:48 GMT",80.26% drop: KOTAKBANK.NS Kotak Mahindra Bank NSE pre-market Jan 2026: key risks - Meyka,80.26% drop: KOTAKBANK.NS Kotak Mahindra Bank NSE pre-market Jan 2026: key risks  Meyka,https://news.google.com/rss/articles/CBMipwFBVV95cUxQaHJiMVhJVkZCTU02OERxaW14Z2UxLVd4ME51TTNlMEllUzluQ2JxVVRZZFU3WVJ1QVd0OVAyMVhDNGgtTFFxNFhJWFBNcDJVTkN3Q21uelBFVGJDOExIZlNtQTVreC1hSVFTOXdPZ21kdGljX1c4OTNXM2xIeEljWHZlMHc4dm84YmlfM0pEdmhJdGhWVGpMQ1hFVExVYkk1RFYwM1JaVQ?oc=5&hl=en-IN&gl=IN&ceid=IN:en,Meyka
KOTAKBANK,"Mon, 05 Jan 2026 08:00:00 GMT","Kotak Mahindra Bank Posts 16% Advance Growth, Deposits Up 15% - Whalesbook","Kotak Mahindra Bank Posts 16% Advance Growth, Deposits Up 15%  Whalesbook",https://news.google.com/rss/articles/CBMi5wFBVV95cUxQTGdWTm9qNVBRbFh5TndJSUllTW9fVzVrYTBBZHAyMnpSVTBEazgxSlJlVTEtV0g0QzdPV0N3eUstdmE0cWhUWnRacWRLYlRocFBXa1h1TUEyTnFYUjJheDUwU0dMNVo2bUlweXRJY0p6ZGt3c0ZDZ2JTRHBUSEJ3NlRLeU53SXhHY0xZSTBpeHQ1TUFOdDV6WUlhU0p1ZVowOUJCR1JEb2JqZDNYNU0xYzJzbDUtYVgzb21MVndiVlI1cUJJNWRYbjVzQlRYYVNMRl9Kd2V3bXA0ZFF6b2VZU2t3aXpsNk0?oc=5&hl=en-IN&gl=IN&ceid=IN:en,Whalesbook
KOTAKBANK,"Tue, 06 Jan 2026 08:00:00 GMT",Kotak Mahindra Bank Ltd Sees Robust Value Trading Amid Institutional Interest - Markets Mojo,Kotak Mahindra Bank Ltd Sees Robust Value Trading Amid Institutional Interest  Markets Mojo,https://news.google.com/rss/articles/CBMi0AFBVV95cUxPS1BGNTUtWWpkNFpyNmduN0wzTDE3aFlxeGxwVk1zb1ZKZm56bXNjNXNDZHlsdXZ4STNJTU91WnFYcEFlRkdlcVVxbFU1bzJVdWVidzd5c2hVaEVQRGpoYmE3SHJOcmJWZDNpU0ZJLU53cHhDUlpZbTZDWDhSYmllMXZLazFYdWZkVHF5V2xFTmNESDFEN0N3M25iS2lIVTE3QmpqeFlUT0VDTnZ0STdJckZTTldnZHBtRkZFRENWMjVmR2N0cTZSUzhmbHEzT0Mx?oc=5&hl=en-IN&gl=IN&ceid=IN:en,Markets Mojo
KOTAKBANK,"Tue, 13 Jan 2026 07:15:51 GMT","Kotak Mahindra Bank sets board meet date to consider Q3 results, fundraising plan. Check details - Mint","Kotak Mahindra Bank sets board meet date to consider Q3 results, fundraising plan. Check details  Mint",https://news.google.com/rss/articles/CBMi9wFBVV95cUxNd0FnUTNhMXZpVTNnZU5mdGJXMUpLSXBMdHBWNk5neXBXdDdzdzk4TndzMnRFeExPLV9aSFVVRGxmdUtzdFNWR3FvTjhkVHBkY2RCM1dDSEZiR21GVlFyTzZjUWxhSEZBdDl0UGYtUDRERVNaZGlIVkxhOGViZURmd3JUZE8zYmpTYjRZQTExQXVpS0cxNlRuRl91WXRLWGUwM0Y1emVSUkh2NkVDc1N6U1ZYNW9aRExvMEF0dFNYQV9HOGp2c2c4UVV4ZWhwM0hnS24tb29HLWVWOUZDMVQ2RnBXXzNpZ1M0ZjlOUzV4Mi1kblN2bkxJ0gH8AUFVX3lxTFAweXJfWEJiUHMxdnRzM28tdU16ZlVVNmhILTBzblFZYnFDaFdqQktsRDVJdTBJbWlvOHU4ZndvOG5WOGh2ZEItME9weDJsNmQ4UjU2aDB0eUw0Smw1eFBHUHVsZkxqU1Z4d01hVXFPSkVxQ2xfeTRzaFUzTVVDYVk1cENuTzdsU0tPT1YxUVJSMHVGV0pyem4tc1ZvOGJMUWRiMVJHckhjUXd3cnRCdjdRNXBfc3hrOUg5TXR0cHptUVZDbFdodDdnRDBJX0ZMalQ4cXNlR0N4UU9GYXh4M2ZlNGFHSXMxWl9FSlZWZTZCWXZEaDJKNHV6dWRidQ?oc=5&hl=en-IN&gl=IN&ceid=IN:en,Mint
KOTAKBANK,"Tue, 13 Jan 2026 12:56:01 GMT",F&O Query: Analysis of Kotak Mahindra Bank call option - BusinessLine,F&O Query: Analysis of Kotak Mahindra Bank call option  BusinessLine,https://news.google.com/rss/articles/CBMi1AFBVV95cUxOblk1d2xBTVNDbWQwMi0wRzYyRUhaZGJlaV95V2VjMjdpT19tczQ4aTd2TnQ2WWxhNWx2WTZQYUVBbUI1bC1YbDQwVG5PRlJONWF6UXgzTkxJVnh2Rno0R21CUERBZlkyM21zUXV1cDg0UHVuWVpjcFB5MEg1RTlCMFBmM0FTa2hVdVFDdHJiWV9md0hvcWRlMHNtYzdCSUo3eUtIOVNDdmlTXzlWYjVKM1otQUFHdHlzeDZ1Q3FrcTg3RXJuaXFNajRiZ0o5d21KRUNOb9IB2wFBVV95cUxNR3J3bFQ5Si13bDBuT1lUUTFuRHZ6TzNHYks4Y2FLcUNFRG1IR3VsaU9YM0NEZy13UldBMFBKdEYzWTZNcndKTjdPT2JobV9Uc1lSc3ZJdHNRU0FFVl9GaDhsZ055VnN1S0VTX0R5YjdibmFjTXNqYW1mZ181RkREeWQwdEVXVEN2R1JSM3ZfaUI1ajVNM1RvVG5xOEl2TGdrcDlrdHIxLXdpRmVGMlRNRmtQM1JWS2hRQjdfbFRIbEt2NWZWTVJiUFdtUDRDUnBpbXhpYUdGcWcyZnM?oc=5&hl=en-IN&gl=IN&ceid=IN:en,BusinessLine
KOTAKBANK,"Mon, 22 Dec 2025 08:00:00 GMT",RBI Imposes Monetary Penalty ₹61.95 lakh on Kotak Mahindra Bank Limited - PSU Connect,RBI Imposes Monetary Penalty ₹61.95 lakh on Kotak Mahindra Bank Limited  PSU Connect,https://news.google.com/rss/articles/CBMimwFBVV95cUxPQVpmWFRhX2Q5SnhHZWpxc1hHOW52QnYxNnpreVN5ZTVSbDNjUWVWSEhpdmExNXpRVHN6ZVJlSWxyelY3ZUlMMnNYMVFWb05mN0VlLV9yZzA2ZU5uNjZ1RlJVZU1YTDQ1RndDSFM1X0o1WWd5VlcyWkpXN0d1dlNSM3hBeTVUaFdwbndXRUR4d3VldDg3QklXZUltVQ?oc=5&hl=en-IN&gl=IN&ceid=IN:en,PSU Connect
KOTAKBANK,"Tue, 30 Dec 2025 08:00:00 GMT",Kotak Mahindra Bank Range-Bound For Five Years — Can Earnings Growth Trigger A Re-Rating? - scanx.trade,Kotak Mahindra Bank Range-Bound For Five Years — Can Earnings Growth Trigger A Re-Rating?  scanx.trade,https://news.google.com/rss/articles/CBMi1wFBVV95cUxOdGRXdWVsd2pPSU1KNS1zQnFuLWt2U2o2RkhrTXJvZk9yaDBhaVpGMDE0NkxsM3UzanZjQmVHZHRmbWlGTUFWT21Xc1FfVDBWYUk2NjZ1NkpjS09PTUY4MXFHeWVuVldIbTczVmI3N0pfejRySDdDZkM2RC1YQ09hX0o5Q250cnUtUVdGNjE1akJhS3F6VFB4dmxUVmVYZVRZTjhxU2U3N3Q5T3c0Q01xdTJVVWNGN0FSRV9JVjhkencwQjYxQTJnVEhMcW5XYm12M1JJLXBaOA?oc=5&hl=en-IN&gl=IN&ceid=IN:en,scanx.trade
KOTAKBANK,"Tue, 13 Jan 2026 07:19:00 GMT",India's Kotak Mahindra Bank to consider fundraise via debt issue - TradingView — Track All Markets,India's Kotak Mahindra Bank to consider fundraise via debt issue  TradingView — Track All Markets,https://news.google.com/rss/articles/CBMizwFBVV95cUxOUGV0OVlDb3F2MU5mUFF5Q2FxWkNielVyZ0pkak5MZ01JdXB6WE0yeUhoUGN0aGtpVFB2RHZ1bDVTcVdmSDRPYTFIMlFfYkw5MnllTXBpbTlDNEVGRmJ5R0tfMHd6QS15RF8wV1BWNWtNMlJhaklKOFNUcXlSN2lmYWYwYks3dmxzaFVNdXhISjBERVFrQzh6a1NIVXZXWTFOVFhxTTlXNGxtZjN2QlRvZzhrOXo0aFRtUWFqNDdhVXJkSUtqSnM3R0RqYTBlWEE?oc=5&hl=en-IN&gl=IN&ceid=IN:en,TradingView — Track All Markets
KOTAKBANK,"Thu, 15 Jan 2026 04:48:17 GMT",KOTAKBANK.BO Kotak Mahindra Bank (BSE) -80% intraday 15 Jan 2026: watch INR 419 - Meyka,KOTAKBANK.BO Kotak Mahindra Bank (BSE) -80% intraday 15 Jan 2026: watch INR 419  Meyka,https://news.google.com/rss/articles/CBMipAFBVV95cUxPTm1UamxXUGpsWDA3eHA1N1ZEVUNoQlZIRXEyeHNOclYtUzZjLUZsWGlkSVF4d3pKUFNiWDVxYm04X0dydy1nVXBlSndfLVBRcTFoaEhfZjRIRXBhVW81WjBvQ2Fzcm1YN2cyUWtZWnpCaVRGbkJycDJVV29OWE9XX1BhNEFrZ1lTdjZ6M1U1VDhLWDV2ZUF0ZDhnanczYzFXRW1lbg?oc=5&hl=en-IN&gl=IN&ceid=IN:en,Meyka
KOTAKBANK,"Tue, 06 Jan 2026 08:00:00 GMT","Kotak Bank, Trent among 5 Nifty stocks with highest EPS upgrades in December - The Economic Times","Kotak Bank, Trent among 5 Nifty stocks with highest EPS upgrades in December  The Economic Times",https://news.google.com/rss/articles/CBMi-AFBVV95cUxOMXI4OHoxWjFER2htTkstdW5tQ1d4dFh5RF9SZ0pScFRQdVNYR2k3ZjRHbUFZMGNJQWUtUzdvbWczOTNaTm5SVnBKa3B0WEFIbGw2bWV4X1BKNE1nbVFWT3oteFMtNVNDYWJnbkNlY3htZC1IaFFDU0JoajVteW1wZW9aQkRYMmJ0TnhCSjNXOUl3ZUZLMmt3ZEVDQjN6X0RTN3c0LXItcmxuNEh5U0R3cENuTFBPeVBqTVdiVVQ5UU9NWEtJLU1DcFlBcmdZbjA0WGlCc2pOWEZHWXBHZzB1Y0lGblJnT2Y4cnhYUFJaaHo0SzVxb3V1Qw?oc=5&hl=en-IN&gl=IN&ceid=IN:en,The Economic Times
KOTAKBANK,"Thu, 01 Jan 2026 08:00:00 GMT","Kotak Mahindra Bank: Should you buy, hold or sell this stock in 2026? - Business Today","Kotak Mahindra Bank: Should you buy, hold or sell this stock in 2026?  Business Today",https://news.google.com/rss/articles/CBMizwFBVV95cUxPT0hOWFBKVjF3cjJzRzk2N0h3c1ZKZUJ4bTBQaW5PQTNoVTdxWUMxbTIzVklWcEZYVlk1M0dFbW9zdHZNN3N3TXp5TWs1N2JDeHFqMTRyTlZfeGEwdGl1aTZzamN5WklMTVZORWVadHRjWlR4SnFRTmxsM19ib2p4U2JMcFBBS3Qyejc1RXU0N1VwS2tkRzZpXzhRczh6Z1MxUFF1WUhER1JOcXYyX3ljOHdYZEFUNVpRdEFKcHBtZERMQzhtNXBTWkxuSTJyYzDSAdQBQVVfeXFMTWRFWG8wY1ptLUVlX1RvSkZ3Y1dYUzFrSzdFTnFsLUxjdW03TmRNSktJY2lGb0lzZk5nUE15T2Rfd0haSGlPV0FQbGt0c1doWFp1ZTl6NUNQTzRYUlBuME5XRmtlUzdQR0NFN3ZRaFF3SWJ1UHNJMlBuWjIyVkFadjdzclVZTkFUWEtoZVBoSE1hYXRUYThLTllKSklGcklBSGdsNjd6YkVpSnBteW9UbmZfcU94Q1JEVHJGMU5ZYnYya2lqTUhHdGYzVFNuTlI5MlNMcW0?oc=5&hl=en-IN&gl=IN&ceid=IN:en,Business Today
KOTAKBANK,"Tue, 30 Dec 2025 08:00:00 GMT",Kotak Mahindra Bank fixes record date for 1:5 stock split. Details here - Mint,Kotak Mahindra Bank fixes record date for 1:5 stock split. Details here  Mint,https://news.google.com/rss/articles/CBMi3AFBVV95cUxOb3NZNUFsV3RyeWxQc20yQW5SWFI4YUl4Y05ZUnRmdnIzUlNEVUpJZ2VPcTEyWkkwTGo3VE5aT3QxejYtd3hHQk00NG9JX0hzcFR2UU95bzBxUDdjYlFXaTA1V0FVcmNScS1nOFRZVThfYktiUTk4NGNoS3M4eGw5RFRvVVg0NXdCV1dzeHd1LThrMXMyVXRFdWpsbnpPaFpPX1hFeDNRaWI5Q2RZSXJXNXVZTkNJTHVBQ3JwVDZEWWREYkdmZGg0bnh4RzE0dkJxQlVQdHB3UGg5UW1C0gHiAUFVX3lxTE1fNHNDTG0xdUtjNXlSNTdrRnA3T2lfU3I4YzJ1dTYydXhtRFEtbkdlajJyclZSeFNmTTkzVE1sM3c3TVJsWXhrQXlDSnlmYzN3QzR2VElIWHgwZHJxYUdhNjlrQkJmNUhFeGpsVTBSUF9yVDF2cHJzbWJKUWYwRS14TWZZX1hicnY0VnBuemZsbW5PMFhSVGYwZW5uVW1KclBzRGNVRTMzTmw4Z1kyM0hybFR3UnlWWi1DYjZnWFUtc0JMTlBfS0RySU52bEhGRHppdlZmSWJySkE3NzJwMjNsWXc?oc=5&hl=en-IN&gl=IN&ceid=IN:en,Mint
KOTAKBANK,"Thu, 08 Jan 2026 08:00:00 GMT",Kotak Mahindra Bank Downgraded to Hold Amid Mixed Financial and Technical Signals - Markets Mojo,Kotak Mahindra Bank Downgraded to Hold Amid Mixed Financial and Technical Signals  Markets Mojo,https://news.google.com/rss/articles/CBMi2wFBVV95cUxNQ3UwdEw0Nm9zc0JadktlaXlpMlVRWE9mdVIyX04wQzllNUZJTXVHRzROSWItWTgyWmJyczJtSlE2c3phOGQzTFB3bXMwTDVPZEtsRnhUNW9lWmN6MEk1MHphNWozZ050QnV1b2xLRGFzdHNDcV94ZkJIVlVSaUNLd1pMRDYxVXVxN3l4bDRjaktWZElscWdMM1NwSDBfazVRYzJSeG5jdE5peTZMUjhPZXJhanNXSkZUQ05qekdobHRGR2s2NC01T2tOSE51blNSNXc0b1F2dTlzQms?oc=5&hl=en-IN&gl=IN&ceid=IN:en,Markets Mojo
KOTAKBANK,"Tue, 13 Jan 2026 01:55:23 GMT",Kotak Mahindra Bank 5:1 stock split: What shareholders need to know before ex-date - The Economic Times,Kotak Mahindra Bank 5:1 stock split: What shareholders need to know before ex-date  The Economic Times,https://news.google.com/rss/articles/CBMi6gFBVV95cUxQc2ZkOGRncXlTakxiTmM0ZWJiR3BqdXhHbVVsMUdqSlZqTWNjcmV2WTdiRkh4MHJpczVhVEV6S0Fqb0Q3T3Y4U0VVbnl3R2FQUEprOWFaQWwyX1J4bWZENldqQWdVMHZQcDRyTzdZWThSOW4wUVNmMlM0TzFsTFdRVHFzUDBpZEJ1aFFkWW1oWE1uSHR5OFhqZ011TXBTSG9kMTZlZVJVSUxMV2NNb01zR0NjVkk0WWlSeDFocmZ6Wng3dTJfUDR0Yk9qbVFWVGRkUG5yRmpKUDFsdzdqZUpxUEc4Z2FEWDVZV2fSAe8BQVVfeXFMTUh6c3hkcXFjUklNNVhrSzJySThNZlgzZ3FacklxYnZpaHpMTXFYS05xQ1A3U251dFo0WktkaEotN3d4QVZYWDV6d3Fhal9aMnRKQTJCSzNkVjVVNlhQRzNsTjFUdnlNM1ZjMzdrTEJSclVzSkxncXUyZFdlbThkQTBYeklMOTFrbTdwZXRjR1FabTFHazVndFVibmptOE9XcGVIS0hZOEF4NVB6ODI1SHZVdDIzWUgwaV9hbFBHSWZXQktuSS01eFNVNzN4WjlmbGVoaVhtR3F3QkJXckRXa1BhN3VKek9Ob3E3Z1B1M1U?oc=5&hl=en-IN&gl=IN&ceid=IN:en,The Economic Times
KOTAKBANK,"Sat, 10 Jan 2026 08:00:00 GMT","TCS, Kotak Bank among 8 stocks nearing ex-dates for bonus, dividend, and stock split. Do you own any? - The Economic Times","TCS, Kotak Bank among 8 stocks nearing ex-dates for bonus, dividend, and stock split. Do you own any?  The Economic Times",https://news.google.com/rss/articles/CBMiogJBVV95cUxOdXNEcURvOUVETFRiOXdyWkhzWVhxeTR6SG9raGdzUWJPdnYyYkJtckZ2Q01jSzgzTHR3cnVVcW1ncWxYaVNtWFp2cVpxclkyTTZpcW9Jd2xtdnppdTZJS1hmR0xLSU9CZnZkS1ZCdTFndWpENEcxZm9xV2dmNmh0Slg2TDZ6Yk9CR1ZQYVRCN0xrNmFCSE42YkFRU3BIdHVzX0hiUzlONWJ6RlRZaV9fd2JHODJIczlXMDNuTFRiNWxvZVVISWV2ZkFxZnhSVlZzbEtrWlNNU2hjaHoyMmJDZkVwSFc0MmVDc1d3dnFPQnAxNHhHcmI5aEJMZHY2MDBGRG0wanhNemxRSTVuejhweUpHMEZoYXZYQ3RJUzhrSDF5dw?oc=5&hl=en-IN&gl=IN&ceid=IN:en,The Economic Times
KOTAKBANK,"Wed, 14 Jan 2026 05:39:00 GMT",Did Kotak Mahindra Bank stock really crash 80 percent today? Here’s why investors must not worry - TradingView — Track All Markets,Did Kotak Mahindra Bank stock really crash 80 percent today? Here’s why investors must not worry  TradingView — Track All Markets,https://news.google.com/rss/articles/CBMi7wFBVV95cUxNYk1zWHlPT2ZQclJqclIxNDhaQTR0eGM4VkQzRk9aVTdfSk1fVjdIemxBUTJqcE1sZjZpRkxVOHhadlB2MlJRRVhPbTFQTkJkOElPajZEbHdQbGktRmM2V1BsNzlkZjU4d09zeTVfVXVSWE1NVGw5Ym5uOWFqanRGYjhVVzdZN0hXQzhoZThOdUVYV2R2a0NGb2w3SkMyTDRhdV9xVE1pY3JEMXVvWmdvNUo1NUNDUnJUbS1XYjNON1NKVDNoUzhNc1BhblNqbk12Tm1wV2IwbzA3Z0VSUGVnYWdwV2FqTjlMRkgxR2lqZw?oc=5&hl=en-IN&gl=IN&ceid=IN:en,TradingView — Track All Markets
KOTAKBANK,"Fri, 16 Jan 2026 04:29:55 GMT",Kotak Mahindra Bank Records ₹29.12 Crore Block Trade on NSE - scanx.trade,Kotak Mahindra Bank Records ₹29.12 Crore Block Trade on NSE  scanx.trade,https://news.google.com/rss/articles/CBMiugFBVV95cUxPV0lZckdzWG9QckI1TDhsaXk0OUhSUHoxV1VvdndBT2hlZmpESGl2ak1kcENTazVDMk5WZ3czSmFYSXU2TXVOOUJRNWtBT3h3VUsyM2txejlTd2I1eWVHeG5VaFhmajYwbWpiNE1fVk5zVm1IMzZRend3VmFsXzFvNThtVUY0WGxCU0ctWUdfWktNSWN6TlRubE9lZTJiYXlxS3drdkVvbDhoRFRsRWR2ajdaRW5kN2xDUGc?oc=5&hl=en-IN&gl=IN&ceid=IN:en,scanx.trade
KOTAKBANK,"Thu, 01 Jan 2026 08:00:00 GMT",Buy Kotak Mahindra Bank; target of Rs 2500: Motilal Oswal - Moneycontrol,Buy Kotak Mahindra Bank; target of Rs 2500: Motilal Oswal  Moneycontrol,https://news.google.com/rss/articles/CBMivgFBVV95cUxQWWxvdFh0M3lkMng4WGExcXQyVDczcHM0bmRveF9oN2ZHRUhTdXVYOWx1TllYRlc2eEZOQmcyT1JkUVRtejdZc2oxVXRxSkt6aXZCNjNocElMZDE2TmlHSGhhcjAtVUhSSjdOdzU4aFJQYzVLYkcxdGRaUFlMNWc0Yk4zdl9QODVTUzljcmNVMm1VRjJxZkNMSlZ5LWhHQV9kbmluM09lZHJBTG90UTRYaE5oTEE4Z0lpaS1rUkRn0gHDAUFVX3lxTE4tcWhqalBlTHRnSzZEc3h0X0NFR0ctX3dMcVdUX1VCbTQ2NnU0NVdZanFqOC1VZzFoTmR3UkVMdm9JMnZOaUlXZGVpeENSQWtMQkVORXpFME9Wc0tvQUs4QUhEb2hSd0JmZWlSalFwSVZ4Y2pFOERzR0hIcXNIRXpkU1lCUnVYWWwxRlhXN3d3ZlFDYVVmeWtTTS1hMDRXUGp5a2czWkVkWVVFV0tIaFRFTUdkLWJKeVJCYWtnZWVaNjNxTQ?oc=5&hl=en-IN&gl=IN&ceid=IN:en,Moneycontrol
KOTAKBANK,"Mon, 29 Dec 2025 08:00:00 GMT",Kotak Bank Notifies Physical Shareholders on Mandatory Demat for Stock Split - scanx.trade,Kotak Bank Notifies Physical Shareholders on Mandatory Demat for Stock Split  scanx.trade,https://news.google.com/rss/articles/CBMizAFBVV95cUxPSzdwMkNNcmdIemlPOXhmM0ZXRG13aEhya3lHX1lLYmdTaHFjQVJDSnJpdk5wekxEWklSUzM5Nk9SelN3WHFSZDFsN09tZlRyTUZSbFR0YmdwQW5DdFVweXJBZDlZblVqSHNrTm15SmRpeEdmbV9HSzFzaUZCdV81Rmt6S1BZN0ZGUC1qVUZicjhXc0xRRC01ZFB2a2c2b3c1N04xNUpDV1V4TGwyME1QakNmM3VVMkpZaXdpanhiVWx3U2IzQ1UtUUhHY0s?oc=5&hl=en-IN&gl=IN&ceid=IN:en,scanx.trade
KOTAKBANK,"Sat, 27 Dec 2025 08:00:00 GMT",Kotak Mahindra Bank Raises Authorized Share Capital to ₹1900 Crore with RBI Approval - scanx.trade,Kotak Mahindra Bank Raises Authorized Share Capital to ₹1900 Crore with RBI Approval  scanx.trade,https://news.google.com/rss/articles/CBMi4gFBVV95cUxPLUxtQUVobV9hNnltdVlXRVVWSGJUVXRHcDJuR0FwLTZHX1JBUkZhZXhrSmI1YjJjVEJDblJDenlpd3VkdVpzS0VKTHdGUlQ5YlZiVW5VcmJvdTlGeUZPWDU5RFhkVTJxUktzZmpfZ1NURDJvb1dwSVhxRWhDM1I0SEpjRTg4WlZ1Qzk2bXJ4a1pmVTdCR0hqMkRtM29Yb3NfaUdXczR3V19TU0NuRW45X2lWNTFLeWRmbWJDQzRFSFBYWDQwc1h5SGlZQVduUnloRGtSdXlCUVBKVWo2YU5pZXZ3?oc=5&hl=en-IN&gl=IN&ceid=IN:en,scanx.trade
KOTAKBANK,"Wed, 14 Jan 2026 02:51:16 GMT",Kotak Mahindra Bank stock split explained: Why share price may see sharp fall today - Business Today,Kotak Mahindra Bank stock split explained: Why share price may see sharp fall today  Business Today,https://news.google.com/rss/articles/CBMi6gFBVV95cUxOZmFmQXJla2JhanZJRGNvNW5HallLQXUxYUhBLWxFMVlIM0pXWW5reGs5ckVWWEwzd0xGQ2xPWk55NS1uTE41VTFMZWlqOS1PVXBxR0pJZ0pUb3dORE9BeDBibURrZl9CRmpTUzc4X3pNYkJDM0pEOV9hdlYwNVpaOS10NHhXaHJHQk8wNkFRbldyZEFna21tcTE5ODVabUVrdndQejJmbk1XRmZYaFotX3Z0ZmM5LVZSNmdmeUNaVlQ0V08yUDZsTUpzMk4wMWQ4S0RVRzJqeHoxYkRaM0ticGNMaUpiQVptNGfSAe8BQVVfeXFMTUVPcDg0cnNBTE5lMzUxSjVEVjUtUlNVblJqZDBuYm1IeEExLUxSVlFkWE5MY0tMNjU1QldXTUg2Z2VNWUNXWDJMTzV1RlMwU2pMdWhMQlRrN2tDNU9LcW53YUtnc0lFeHdqMFFncDJTVHR5N0w5TWpUYmRFRXdUM19tRUNzRmk4SjFtNTVDeTBxcndZX1o3NzhGWDRmd0JoZ09aM0xhNzhMRnJQYzFjNDF1UEl4OXNFcVNIRGVZYmJqOURnU0V4SFFfRW1CMDh0TGpNaVB1Z0JGaF92bHdGLXFGa0l6N3pQVHJheTJPM0E?oc=5&hl=en-IN&gl=IN&ceid=IN:en,Business Today
KOTAKBANK,"Wed, 14 Jan 2026 04:45:00 GMT","Kotak Mahindra Bank shares trade ex-split in ratio of 1:5, check key details here - Upstox","Kotak Mahindra Bank shares trade ex-split in ratio of 1:5, check key details here  Upstox",https://news.google.com/rss/articles/CBMi1gFBVV95cUxOMkFSS2Jjal9JS3R6REFvY0pnaEVHY3F5VUNpSXlfdEpSU2JpU2dlN2NqemhZRThJVGlDWmlfS1lQNFNnYU96V18tM1kzX1VFRVJGb1RGQWNZeFlHaFQzWjdUdVhTcVVEN05JbHVHeVg5OGtCeFZ2V2dyaUhJakNXSnBwd0pzU0RsbWswMmhBRUI5aTdIZklGQUZtd3RURVRLRmZ2YmJHby03ZXQ0QU1Ra2VXZ3R6Mlh6NnFaWVZzWGVaT0k5WS16cjZNaEpSVHdpM0FzMnN3?oc=5&hl=en-IN&gl=IN&ceid=IN:en,Upstox
KOTAKBANK,"Mon, 05 Jan 2026 08:00:00 GMT","Kotak Mahindra Bank Q3 Update: Net advances rise 16% to ₹4.80 lakh crore, deposits up 15% - CNBC TV18","Kotak Mahindra Bank Q3 Update: Net advances rise 16% to ₹4.80 lakh crore, deposits up 15%  CNBC TV18",https://news.google.com/rss/articles/CBMi5gFBVV95cUxNWnloMHJRZGxwUzc0bWhhZEFxX0xVSlhMc1ZhVzIyY0hTZzZ3enJSNzRKNWluY3lCaVNvcy1HUHAxVllkVWM2dTlVRTdNTTd0c244RlVabFJhTWZDbmgydUtQZ2tGZ01xUks3OGFhZlpHbHYwbXFUQlB3TlBYNnVyRzlWV1BlNEt0amd4WXZQUlJhLXRuSDVDY0VDaTAyc3ZheXFEaDNMOEpZRGRzbGJ0elpmYWd5NnZERGx1VUkyX1BnLVc3azhNUFRFTnBXTXZiNy1GWFdQTjNZbExaWXZFRVFVOHdUQdIB6wFBVV95cUxOMkl2ZWNfUzJVcUhnOWo1YWFVblhReHROSFBaRUZWNEpZejExOEtsaF9KUFVVME1TX3djQ0N5UDdCOEJKT2VmbXpaNmd6cloxVlJ5bDBBbThQX05tTmltaEVXRXhoTG8wWi1lSTVSMlpOX1JHQlRYOFlNd3JzN3h1NTZsU2Y5X284Ym1IR09yWGpZcGQwbkZVWDQtOXhKMU5SQUZOdlVnQUxSd3E0MGRNNFlLdEdqTDhhTjRZbzYxeTJYaXlFX2xzRlRTd2ppSHkyTldkN052TTJEdzRESTZELTNhQVV6NFFtSW5j?oc=5&hl=en-IN&gl=IN&ceid=IN:en,CNBC TV18
KOTAKBANK,"Mon, 05 Jan 2026 08:00:00 GMT",Kotak Mahindra Bank shares in focus after Q3 update shows 16% YoY growth in net advances - scanx.trade,Kotak Mahindra Bank shares in focus after Q3 update shows 16% YoY growth in net advances  scanx.trade,https://news.google.com/rss/articles/CBMi1wFBVV95cUxPSThXZ1hBUnhzb003aENvNUk2WW9JQVlIZXZYcURVbjZ3SlJCcUdEZUozWjJWQmQwX1lkLTVNbEtoTk9hTmJQMEF2aEJNa19jcXhzN25RTEtzNHhlRlRFbFBlV0h6VWpSUDFMOFJYMlhJV3VzRzZzb0pteTN6UEl3TTIxeGFoZFQ3dk9Vb3BPM1N3cU1lZ2x4Y3U2QXA0b2xvcVduZU5hTWc4TGJrM3pfaVpIdmRoTWhCeUEyalNRbHJwTmhoYzJXei14NTNkaVFPT1U4d2V2bw?oc=5&hl=en-IN&gl=IN&ceid=IN:en,scanx.trade
KOTAKBANK,"Tue, 13 Jan 2026 12:41:36 GMT","Kotak Mahindra Bank, Ajmera Realty Set for Stock Split Ex-Dates Jan 14 - Whalesbook","Kotak Mahindra Bank, Ajmera Realty Set for Stock Split Ex-Dates Jan 14  Whalesbook",https://news.google.com/rss/articles/CBMi4wFBVV95cUxQRURZWTZIWW1oRXFYRF9FdGw4S0xNSHZoVmdCTlZmYktMbTREMlhxMmE0QmdaZ0tiQjEzOUhNb19rV1g2OWkzbWVMR1dheTRjOTZRTVZadUwwdFJzTExGM0N3MjBBR0JGazJBUEU3WFk0d1cyaTFkUkxXMnA0ekxFN0Z4UFNvTEFVVm8zU1hmRkw5S0d4MUFENzZJOVpSNkJNdVdscldjNDVKalNja2Z1c0U3TThYTW9CYTZDbHdXQnQzTXVITDBVVFJETVVwZlpMTklYMmZYX0piSDVGX1FGQ0ZKbw?oc=5&hl=en-IN&gl=IN&ceid=IN:en,Whalesbook
KOTAKBANK,"Fri, 09 Jan 2026 08:00:00 GMT",Kotak Mahindra Bank Records ₹64.22 Crore Block Trade on NSE - scanx.trade,Kotak Mahindra Bank Records ₹64.22 Crore Block Trade on NSE  scanx.trade,https://news.google.com/rss/articles/CBMiugFBVV95cUxQM1dsb1g4R193RkgwOExXbHdZNWFEYXA5YkdBbTJCRGlncGU1TDVVVUxmMzYtREF6RWFUQkNXSmpvUXZxX1J4bmNfMkFHeXRob2dFcU9jbVQ0bWJ5dngxR2hUQTgzdjRQOS1odzk2Y3hzTEpxZFQ1bVdTZ1dCLWRqTnhNQ1FocXJxLUhNSTdHd2VlSXRXd3VaVkdzdWZxTFFvdTdmM3FlaGRtTDkzODVoRURHM09rVGx1Y2c?oc=5&hl=en-IN&gl=IN&ceid=IN:en,scanx.trade
KOTAKBANK,"Fri, 16 Jan 2026 16:55:02 GMT",Kotak Mahindra Bank Completes Equity Share Sub-Division from ₹5 to ₹1 Face Value - scanx.trade,Kotak Mahindra Bank Completes Equity Share Sub-Division from ₹5 to ₹1 Face Value  scanx.trade,https://news.google.com/rss/articles/CBMi2wFBVV95cUxPMEVUWmQxbkx5NVBHVkVxT0FWR2h0U0paNXFTYUZtUUw2c05Rb3lZUUVZR2xoemd5Y0wyUkRzS3BIa3lDUldCYWpHLV9MN0ZyQzZKazJmcjM4UFpHcnphUHg4WnpuV1JmT2JxSmpIS2ZsR3lSTUFtdWhMTkhrdEpNVFRnNDl3RHVyTV9HY0xGd0hua0NpSFZVSWk1UUxZWWdCZDM3TUozR2FzNFBDZEp6a3FCVjEzN25VbGNRTGxtSVM3T2Q4bEd5YlVIMTN0Q1FhSW1KX3RTVFdwMDg?oc=5&hl=en-IN&gl=IN&ceid=IN:en,scanx.trade
KOTAKBANK,"Mon, 19 Jan 2026 16:43:32 GMT",Kotak Mahindra Bank Ltd Sees Robust Trading Activity Amid Market Volatility - Markets Mojo,Kotak Mahindra Bank Ltd Sees Robust Trading Activity Amid Market Volatility  Markets Mojo,https://news.google.com/rss/articles/CBMizgFBVV95cUxPU2NwMXNlMXEtaW40Y2dZd1lkejhFV0ZtNUpPM0tuSWY2WFpnNWdyeDJSbi1NUktRVlN0b2hXb3lpUkN4WWVZU2lfdk5TWDZIRWt2ZjJQQzhmcTlrcnI5cnRTMlRmRllkZVFpLWc5QlRBR0dyeHlwRDdKeTdjMkNoSmhsbVdkb05GR0kwRjdiY2NsN1NpdjhfLUFYUFpLcWlNWU05NmJ0NWJGb3dlNDZGcUE2SkRIX29QV1pWb01wQWs4MUR1c1lWUmd2MjBKZw?oc=5&hl=en-IN&gl=IN&ceid=IN:en,Markets Mojo
KOTAKBANK,"Mon, 05 Jan 2026 08:00:00 GMT",Kotak Mahindra Bank Records ₹109.25 Crore Block Trade on NSE - scanx.trade,Kotak Mahindra Bank Records ₹109.25 Crore Block Trade on NSE  scanx.trade,https://news.google.com/rss/articles/CBMiuwFBVV95cUxPaldhakJrM1FiVXUzMnRkUGNJOEN3YU9WajVSZmtWa1hHc3YxNE1TLWxmT0VwTTNBY2RhRDM4Tm5oUzNpcU5ESVdScUxydDVZaU54T3ZHM1lRVHRmZjdTaUFSVWxzTHN0QjQtN2lfaHdDekczaS1za0g1OUNHMHJ1OXhJQm5xalRxV2ctU2RMaElaeDhldTFhTFhVNlowckhkc2xHbXZMUVVpV0JtOUJYRHVyNHQtLXZGZlA4?oc=5&hl=en-IN&gl=IN&ceid=IN:en,scanx.trade
KOTAKBANK,"Tue, 20 Jan 2026 07:00:33 GMT",Kotak Mahindra Bank Ltd Sees Robust Trading Activity Amid Market Outperformance - Markets Mojo,Kotak Mahindra Bank Ltd Sees Robust Trading Activity Amid Market Outperformance  Markets Mojo,https://news.google.com/rss/articles/CBMi0wFBVV95cUxOdXliUTFFVmtQTVU0ZWg2YUNwSHpkUGdERDNsR1RaWjhWT0Uxb0FvcFRKdU9HdVg3NUloQkZ6QUFBdVVJMV90WjVHa0NjampUSmo2OVN5cmR5TzBzQ2xVdXFBTWJrcVp3WC1mZGdJcjdUc3NyM1dLQVBqZUlaWUN3aVM0LTZtYWlKTENSYUFkdWJkRm03YnFTZm9hVTdlTFU0dEUzaFMxRmFrRi00aDEwT19CMHpYWEFfZXVhMTFwTWlycUtQMEZGQ3RpRXF3OU42Z2NV?oc=5&hl=en-IN&gl=IN&ceid=IN:en,Markets Mojo
KOTAKBANK,"Wed, 14 Jan 2026 04:12:42 GMT",Kotak Mahindra Bank shares: Why the lender is showing up to 80% in some trading apps today - Business Today,Kotak Mahindra Bank shares: Why the lender is showing up to 80% in some trading apps today  Business Today,https://news.google.com/rss/articles/CBMi7AFBVV95cUxOUTlfLXZrWFcwVUY1MkJTMXB6ZUJsOTVQUHJES1U1RWRLSm5kcEtyczRCSG1qM1hLV2Y0VFE2d0IweG5fSllVcWxDVkdOZkotbmloaHlyc1J4aWtjaDhpTkI1SlR1UTZYNWl3YlpEenlRcmNzUXJPUHg4WTBWbFRlbGJqYWFLTDJaMEtLcHo0MXN0Tk5nMWdmb0hORXg1QXk0ZzUxNXd6ODBHVWlfbVhpR19VMTNYRVlNRzBQdFU4ekVBMS0tVFRkUzR6S2tDWUt2VU41MndoejFyR0JfejJ0MW5lWnpUTXZ2ejAtNdIB8gFBVV95cUxNbnNfZFNKNzE1ZGZzTEJVSU8weGJxaW1XODNTNDBISGFid3U1OWY1NjlfMTVneFFLX21jT3F5SGw5OXBQVG9ROGFRa1RITFlxQkhGdlNyamZjNWt1MnhjckNndE9qTGdIM05pM1dfT3B4ejFlak5VR3VPcW1ja0o5WW8wazF1ZjYzMmVDbUlNQ3ZpcGQ4Q0F2eUlJV3ZTOXAxdlFWZmxzdkdJakJ1NnJDbzlwaEdvZ1hSOTBpelM0bGFJeVNPX0dUSDBMV09xV2htV25FQTgzVnAwdC01SXJPQmxoYi0xVUc2THE4UEltclVIQQ?oc=5&hl=en-IN&gl=IN&ceid=IN:en,Business Today
KOTAKBANK,"Wed, 31 Dec 2025 08:00:00 GMT",Kotak Mahindra Bank Receives GST Demand Order Worth ₹2.33 Crores from Rajasthan Authorities - scanx.trade,Kotak Mahindra Bank Receives GST Demand Order Worth ₹2.33 Crores from Rajasthan Authorities  scanx.trade,https://news.google.com/rss/articles/CBMi3AFBVV95cUxNMlJPS0doVUIxNW1FZWVsVTNOSlBxcEE5ZjBHRXozLTg0eFU2cnowN0ZHdXlEV0xGM09BaEhpVXJwanJfR0FfSW85NFkzRVk4Q1JFWkNoeE1BeFdPOXBhUjRwcjdFOE41eGJIYi12X2EtNFpXa0c3THdCZVYxS0NKWGROM0t0WUNVbTViNGJzcDlEbTdQLVhKVjZVRW0wR3lTaEJXR0ZEZWlRR3hlaDZ5WjAxOUd2XzFrRGpHVjU2UU1maERLU0QxbVlqT0xIUDlyNmNRa2UyWU1vU1ha?oc=5&hl=en-IN&gl=IN&ceid=IN:en,scanx.trade
KOTAKBANK,"Wed, 14 Jan 2026 08:38:00 GMT",Why did Kotak Mahindra Bank shares decline 80% today? - Trade Brains,Why did Kotak Mahindra Bank shares decline 80% today?  Trade Brains,https://news.google.com/rss/articles/CBMigAFBVV95cUxOU1ZyUXhQQlpVM1kwSk1ydHZ2RXR6QlFiN1VyUFA1MTg5T1g5MVRZb0hhZHJYU3pvdk5tQklKSWFiT19uYUlKeHEzZG0yRjdTQjNmQVdzTE85NlZLSnUwU29IRzRFeThvOWpTNldrWUwwVk5pQThaZUFvdFJ2bXJvUw?oc=5&hl=en-IN&gl=IN&ceid=IN:en,Trade Brains
KOTAKBANK,"Fri, 02 Jan 2026 08:00:00 GMT",Big News For Kotak Mahindra Bank Shareholders! Stock Split Record Date Announced; Are You Eligible? - Goodreturns,Big News For Kotak Mahindra Bank Shareholders! Stock Split Record Date Announced; Are You Eligible?  Goodreturns,https://news.google.com/rss/articles/CBMi2AFBVV95cUxPM2ptb1pwY3lWcUNQVTZGajJvQ1VFMDV4WGU0bEZ4QVJtNzhwWUFGSGFMZUx2TlBSc1N4ak50MjZEeHlsNE5BZDkxLTNqQ3JCNGloM0cwYWlETm9obFQ5X1B0OXdncklvaUJ4VnZodHl3NHlOSVFpdzhmQUZCaVlGOHBwRXl6R0tfMk9XRUd5TlZHWFNUQVlfSG5wMXFtWWlZOVNjQUZfcVhuOV9KR2pnRFdCY2VmMmo4ak5PQ2dkQ1dRRFlUY0ZsM2haa250SDhYaW1oUi1kYV8?oc=5&hl=en-IN&gl=IN&ceid=IN:en,Goodreturns
KOTAKBANK,"Wed, 31 Dec 2025 08:00:00 GMT",Kotak Mahindra Bank Range-Bound For Five Years — Can Earnings Growth Trigger A Re-Rating? - NDTV Profit,Kotak Mahindra Bank Range-Bound For Five Years — Can Earnings Growth Trigger A Re-Rating?  NDTV Profit,https://news.google.com/rss/articles/CBMiygFBVV95cUxQcDZnanBYQ0hXQTlLSVE1dmVOaFhiY2E3aFJjVlU1UUdpbVViVlpEUUstRVpWajFqVFhvRk5nZ1JaOUJBeHJHSm45VnFaNVlrSnhtYXp0SVFpa3phRk5HbTZHMmwySHh0bVRUaWtnVmVXdmE3Z3BkbklPNVBKRmxTUnZlYTJTeUhtY21xU1dEeHUtQjdoa3RqMm1zdkJSd21MV2tIODVsWDZMeDBUcU9SSmZsSlJSaGlhUXkxMy1JR2o2bHpJSjRLX09n0gHSAUFVX3lxTE9VVnhNa1BIRHd0Yk1aVXdyV2NTdl80bi01R1B2NV9SVFREMnBxZFgyYVVZeW9EMGRjb2dsT1o4bE5xcWtrREZIZEt4M01VVGN5U2diVG1rb2pra056U20xVlRNMnlMWjVyUHBxLW0tR2N1T3duYXFvQzVickVGemhOeXdjdFBvSzlKTmR5cDBJVWtoc0FoUEc2R2FkUlc2UzhLYnZvZ1p4LW1tQ28xbHRjeldKVXFWaU9YS3hLZ0t4Zzg4Smw5YlhUUlhaR0hlZjJFdw?oc=5&hl=en-IN&gl=IN&ceid=IN:en,NDTV Profit
KOTAKBANK,"Tue, 30 Dec 2025 08:00:00 GMT",Stock Split: Kotak Mahindra Bank fixes record date for share division; Details here - CNBC TV18,Stock Split: Kotak Mahindra Bank fixes record date for share division; Details here  CNBC TV18,https://news.google.com/rss/articles/CBMi1AFBVV95cUxOb0Z6N3poYUloYWwxb2NEVERydER3VEJTZC1iUS1od1pwenNtNGhTUVR4aFRhWE9pNTk1a2JwdnpHa1BLUXp0enV5V0JkZU03MlNHYzNRQVFoMjdtbTc4YjAwbEhvNkI1djFrM2VrcG85NXlGRDhOU3VIYzJTSS0tMGRScU5VNWlKRXpxQnhiYTFJVVFmV1BiclpkTE53MjZhRllRT255ZzhnRHJ0RUg4YmRrVTZSTG5WM2ZBSnI1Qk51TnhlX0lsR1NnVWlTT25seElvbNIB2gFBVV95cUxNeUNpOThLRS02TUMtNElhRXBfbW91dHpPOVdNcG11eVlhMEpsMHlja2RsMi1Ka3FGV2diaWJYWmJ1OFd5b01LZUJpenZWYjlLeHlJLUYzckhKZWNfakNRN2RNaGtPejlVbS1ndnZqR2JMM2hPX1FmYVJCX3pGTVVrbjhXZnRLRmphSmthV0JGY1UxZlF3UXNEVTB4MTVVVi00TWdsYWw4VVdzcjVHVjd6R3BVcDVTQjdOTVI1ck8wZ3R0RVp4cGFmR0c4ZV8xWFRVYWcyOFlxbHpVQQ?oc=5&hl=en-IN&gl=IN&ceid=IN:en,CNBC TV18
KOTAKBANK,"Wed, 14 Jan 2026 09:07:56 GMT",Kotak Mahindra Bank shares: What analysts advise after today's stock split - Business Today,Kotak Mahindra Bank shares: What analysts advise after today's stock split  Business Today,https://news.google.com/rss/articles/CBMi1wFBVV95cUxQZWw1ME91YW5ycDU4QzNqa3NmMEkwUFVqMlByNk44TEFITWdyZE4wQ0RfN1FOT200TEZrV1dFY1RGYnJJYkVVMnVwdFo0RjdNTFRhenFnRi1DcUZ2RFpsTVJWM1VMeGEwOXFsb25IMFJQbFVKYVd0V3RCSGllOG4zZnBtVDVUSXZuYkJTSHlCNVlGWlp6QmZDOUl3OEdpV1ltaS1SVU15RDJlWFpNZC1NWDFobF91eHFqc2NxdHozemhOQ3dYZDJqbFlfV3FGOVVTS1hiRUs3NNIB3AFBVV95cUxPNVVleXd0aUl0OFMxLXRiZFVrX0IzdXFJQU01d0hTZ3VHeVM5Yk1JS2N0RGJIeXhuT3RmTU5FRi1zUHlFekFfR19lWUJkLVBKNXdDSndGRFhhbGdfSGdBbmJxNjV1M3ZBUm9oWTd3ZHI1Z3VoVzBVX0JUbUxMcFdLRU56ZDg2cDlKMDdNbEduMTdLMHNMNDBrSDFZX3NncXh1bnl4RWdoY3RpbmJnMXVwWU9fTlRWTGl3NkJwMnQ1dFVJSG5rVHBYRWYybG1iTWQteWczUjFpZXY2LURX?oc=5&hl=en-IN&gl=IN&ceid=IN:en,Business Today
KOTAKBANK,"Tue, 13 Jan 2026 23:55:24 GMT",Kotak Mahindra Bank Shares Trade Ex-Stock Split Today with 1:5 Ratio - scanx.trade,Kotak Mahindra Bank Shares Trade Ex-Stock Split Today with 1:5 Ratio  scanx.trade,https://news.google.com/rss/articles/CBMizgFBVV95cUxQWEdmSDFaaGNndUM1RlJhRjMyMnlRWEtITDY0cGtncUxranViVWt6NzRXcXFnTUZnQ3BHZ1Nwc1BiLXo5T3dhUVdPN0pfSGpNM2l4anhLcXM5d0JJSUNUWnI5Tld5Y1RRc0pLdmhGOWtGbDA4ZlFfTVFCeVE5em9tSG9VRFg4blViUzRibU16RWZQUE9xZE5ra2FYUllIT2Y2YUhWdzZFSkNSYzdGYWFSVE0zd2M5SlVDQm00NW1TaTVudUgtM1RON1huRHFuZw?oc=5&hl=en-IN&gl=IN&ceid=IN:en,scanx.trade
KOTAKBANK,"Thu, 01 Jan 2026 08:00:00 GMT",Kotak Mahindra Bank stock split: Record date on January 14 - ET Now,Kotak Mahindra Bank stock split: Record date on January 14  ET Now,https://news.google.com/rss/articles/CBMirgFBVV95cUxPZ3hOYWpNcUZMRzJ3MUlqVzkzNEw0Q195a29QRHA5ZzJUYXRpRWFKSU1ETlJFNmNSYm5IUzMxU29faWpoVkEtaWZLZnNKRDN4T1drUWdjbHRLUjEwTnpuZlpIY2NwejFCSElnbWkyWFJ6TnZzZzN1OXk0ZmxlZWNSaXBIUmcwZ1g4UnQ3UlVSbk5yNUpPMWljbkpuYmxkbXlHVUI2c3kydGxldnFqN3fSAbMBQVVfeXFMTWVxeldiZjdZLVh6cjlZNm1UQTNxdWctanJCbWVNNDNvUjRJQVhSNGtGS1FNclpfeVBYbVVmU3JDVnQtbzBwTVI3RXNNbVdpTS1rSVFLcVIwRl9Nb1lUWEk2OV9DV1hDMVZOTjd3bGppTkRLMnZaTFFneC1xZ1piamxoX2hkbVppM1NoMEtoc3ZVNWlRNVpOYjZuM1RndlNQb3ZhRXlmcUVPVkp4Y0gtdHRKQjA?oc=5&hl=en-IN&gl=IN&ceid=IN:en,ET Now
KOTAKBANK,"Mon, 19 Jan 2026 06:49:56 GMT","Q3 Results This Week: Eternal, Kotak Mahindra Bank, Tata Capital, DLF, Dr Reddy's, IndiGo, JSW Steel, HPCL and more - Upstox","Q3 Results This Week: Eternal, Kotak Mahindra Bank, Tata Capital, DLF, Dr Reddy's, IndiGo, JSW Steel, HPCL and more  Upstox",https://news.google.com/rss/articles/CBMi-AFBVV95cUxOVnI0WGVoWW01VVJmODAzWnJ5a0ZIdTBFWXo2QWdZMU5talV0bGczQVBqbzA3M1lOOG9MRWRsRkpUSFFqa0lpSlFicUZMcElnNXBhbnYzV0tVN243ZGVOX2VJd2IyOFpSM2tOLS1YYzMxWHk5U3V6M2tDSHl3dzM5bHdpMjM1Rmo5eGlHRHdlR0o5b0ItYlBsRHFPM2JlY1BkeXNLNEtrNzVJMlpybzhnOGtNNTlZbWlSZTg4SnlyaXA4Q0VCc2MyaEtIcU5jZ2tKLWJTRzZwNXhxRFkwR2VzWXpBMjlJcm5iR1BYZl91QWl1QzNoOWZnTw?oc=5&hl=en-IN&gl=IN&ceid=IN:en,Upstox
KOTAKBANK,"Fri, 26 Dec 2025 08:03:36 GMT",Kotak Mahindra Bank Sees Notable Surge in Derivatives Open Interest Amid Market Activity - Markets Mojo,Kotak Mahindra Bank Sees Notable Surge in Derivatives Open Interest Amid Market Activity  Markets Mojo,https://news.google.com/rss/articles/CBMi1wFBVV95cUxOMGQ2V1U5NEktaVdHZ0c1cGJPZXU2TW5GNUgtRGlqaGlBWHRjOVI5amktaGhsb28wOVp0dGxVNmd0Q2hnOFdFUllhd3JPc0Fpblo0LTF5RllrMC1DcF91NmZtZHNheTRDaEk0REltV1VPOFpGelU3R0JfeGdNLW5kRXBhbHNPeFkwTU0xdGs2NF8ydG53elZveFFUNm5vYkNDNkVFTUQzb2RtTUt4NjJ5TmRoZmoza19PZUpmQTFwVFlRWVNfOHJzOUhIcWJJNkEyM1dDelBBbw?oc=5&hl=en-IN&gl=IN&ceid=IN:en,Markets Mojo
KOTAKBANK,"Sat, 10 Jan 2026 07:00:18 GMT",Kotak Mahindra Bank Limited (KOTAKBANK) Gets Regulatory Approval - Price Volatility Patterns & Minimal Capital Trading - bollywoodhelpline.com,Kotak Mahindra Bank Limited (KOTAKBANK) Gets Regulatory Approval - Price Volatility Patterns & Minimal Capital Trading  bollywoodhelpline.com,https://news.google.com/rss/articles/CBMi0wFBVV95cUxNd3JSSmRqUEFaWWo0WWxsSW9KUnEzRG1scGtDZU1EM0Z2M19hdjdndFU0Y0JsZFFfZlVzZFVoTEY5SkVvUFBQQWxCb3h4SkttdUdJdXNsLWQza0diRlN1TWdzRGNfOUtzcXk3NzkzTVpCMFZtZk1kVE11cXVtR3IyU1dadnB6RDF4VlI2ZVUyUHI5bEcwWDQ1aW9YMlJIaUlwMFEzRWgzZThSMlJjQ0M4MUd1bE1ibTQ5OFM2N0EzX21LbjFUZkJzMjBKdUtoWDRBUXNB?oc=5&hl=en-IN&gl=IN&ceid=IN:en,bollywoodhelpline.com
KOTAKBANK,"Tue, 06 Jan 2026 02:38:54 GMT","Stocks to Watch, January 6: Trent Ltd, IndusInd Bank, Dabur, Kotak Bank, Axis Bank, L&T Finance, Adani Ports, GM Breweries, SAIL, IEX - Upstox","Stocks to Watch, January 6: Trent Ltd, IndusInd Bank, Dabur, Kotak Bank, Axis Bank, L&T Finance, Adani Ports, GM Breweries, SAIL, IEX  Upstox",https://news.google.com/rss/articles/CBMilAJBVV95cUxNZHVUX1N3S0RlYWJrMEJFQlJiZTQyNFg2VWFJT3d6QzRiQXNoVjVuRjJaN2pHalh6UlNRemZ6ajhUQUdTS0RfejdSbEhta2hYUDlvM1RyUE5vWEVOa2QxZWJiMDhKVEVlelhhaFpydWE1QlYwUm1oLUFKWWJXLXhUUkIyNjZlc3ByS1lQNHNNd0czY3gyZ05kaWFYakNWeUVqUUMxb2RRTjFfc0VtbHN3b3VHOTVQcmVnZjBjVHBLem5LNEJOcHFzd3pnU3k0WUZ5aHdiUGdlWjVhUFhNQWtza0g2cGRwdDlEQ1hyRFhMMGpGZTM5d0hLN1BPQjJ0NC1tc0xkRXloVzd0WHJ6N1ZJQjBWcTQ?oc=5&hl=en-IN&gl=IN&ceid=IN:en,Upstox
KOTAKBANK,"Wed, 14 Jan 2026 04:10:27 GMT",Kotak Mahindra Bank shares fall after adjusting for 1:5 stock split — All you need to know - CNBC TV18,Kotak Mahindra Bank shares fall after adjusting for 1:5 stock split — All you need to know  CNBC TV18,https://news.google.com/rss/articles/CBMi6wFBVV95cUxPUW54NEs2aTJIOGJRLXc4NEU0RTVjUzFvNERDbXQ5WTljYkNHWHNscW9MOU9WcmgyWkY4TUE3cXVaX0JYdl9tUWI3MHV6M3doNEd5VC1uZVJOa2xZZ0ttMHcxQlczaV9fZk5OSUZobV9XYlZPWDUzMWFxdmNtMHF2T2pPckE1aDB3VW1lR2NVOVpLZDI5ZktnZmxidWFEalZWaUZvTHJYMmd6cVVrVmJETUV4MWM5aEdQdFV2ZjQwT0hPMkpucXdrSVhSNkV2WU1wSnRPWDRleUo0am1vYUNGUm1DMVBHVkdvbXR30gHwAUFVX3lxTE56NGZveTlmeXYwa0lXNmFya1NqcmVkVG5MblM3Tk5PSFdSV2RkekMzeFJXSVJDd19Eam8xUEZ6bDlNY1ZBSVhrSmRxeUR0bXVkdTlOeWsyWEQ5SXMzQlFZT3RDSXVCSTV4S2VzYlpQSnNaSFRfelB0RHBqT3Vyd0d1UGUtYXIyU2MxeU85cnpWLTU3WWZVV2xyLWRDWkJxRGktZ0I5b3dNT0MwVEZjZ1dtcWZJN1Z2ZTlDU2hRZmJxeEtWTHVBeUxIRnJnOWlSLWNwNjdaWlItWDMtazBUV0tXVHFVeldGU05wbmF4dFdSbA?oc=5&hl=en-IN&gl=IN&ceid=IN:en,CNBC TV18
KOTAKBANK,"Thu, 15 Jan 2026 06:06:14 GMT",Kotak Mahindra Bank share price: ICICI Direct sees 22% upside post stock split; here’s why - Business Today,Kotak Mahindra Bank share price: ICICI Direct sees 22% upside post stock split; here’s why  Business Today,https://news.google.com/rss/articles/CBMi6gFBVV95cUxOSzNZNFJ6VC1MS3RkaGFseUdJNFA2eXdaVGN6dFk5T05fejFYQlkyWGZZUkdQTEZyZ25wZ2dDazc0ZjB5RVF4dTN4QWtaNTExODVydjdiOXBSckJJZzJZRUhxQjdsU3lRd0N2NlJUekhha3hMUGh6T2otSXRBN09JdGlZOVZaTGJtSUtLZHVUWU53ZzMydDNsS0NLeGluNjVNQkcteXlQbjlsRTkwTGtNM3dWZG1iamlTeXEwSnF6UHA3ZG9qQ3BVakNfRTdVeWtrd1kzQW5TYmQwOXVHMFFxelI1dGxET09KM0HSAe8BQVVfeXFMUFY2UWpSU1N3SDFHTWVGbjNQQXFxc1NJS2xxSDkxYnU2N2RsZU1va01hMENVb3llb3VwaHFZUU80dTJ0ME4zZjBhLVRvTnpINmFCUWxKRzU3TUxmWFY0NFdqdVp6cGtZdDhMdTExTV9tQXJpNVlrNUthbGlWNDRheDlobFNiTl9qYWtGN2Jta1dsOGVJcDlvQVF5X052V0xkM2xVZzRvR0xuQVFSUVZhSllweGdzUU1qMnZhOUVYOTdZQ0p1ejBiMjFUZ1hxdzN1UFRJel9lY3oxVzg0MVFvcjZHRk1SZzdIa2cyTkwwUDQ?oc=5&hl=en-IN&gl=IN&ceid=IN:en,Business Today
KOTAKBANK,"Mon, 12 Jan 2026 06:00:17 GMT","Bonus, Dividend, Stock Split Alert: TCS, Kotak Bank see corporate actions this week - CNBC TV18","Bonus, Dividend, Stock Split Alert: TCS, Kotak Bank see corporate actions this week  CNBC TV18",https://news.google.com/rss/articles/CBMi1AFBVV95cUxQaTFwc3FJNmRFUjdCMFYweTVjYmt5U2xXMTVMZlpSdnJQeHAzOGZTclZHTUZHdTA0czBxRFNBZ1Z6OWFsVVYwYTFpSm5OQ0FqWV9ocmhDRlVpMEF4VWNGMzFoTEtTUU5CNldva3pCNFBmMkl5Y1lfMmJYaFZmZXhaVXp1dldpSEZ0bDViTjU5SlNkSUp1RTFzcUNjb21xVFkwaUo1TFRoS3pjdGg2RWNpWUdCcXFiWEVHWVhEV1JEQ3BUaE9Yb2V1eWNnb3pOZE5jNExXVtIB2gFBVV95cUxNR09DRkVWMzVFakg4Ymh3ODQ0QUJnazFYSWxXY2ZMUzdnWFVacWxaYkhCM2tJSUZ3QVVlalYyX3g3UURtZTA2c2liR2JJNFZndG9PWUNPWmdjOTF3X3Q1S1dIRnQzbWpfNlJBMFlsUUp2VHRoTzA0UmxOV0VLSHdvSGU2MW05THprZ0szaGNka0Nzemlaem11R3J1MktMNzdvX1MwekktdWRMUXJld3pmWHY3QzJ4QzBKUVNFTW1EejVYMVN0RlRNWnZjSlRCLW5RZ2M5cTN1Q3V5UQ?oc=5&hl=en-IN&gl=IN&ceid=IN:en,CNBC TV18
KOTAKBANK,"Sun, 18 Jan 2026 05:18:07 GMT","Q3 Results This Week: Kotak Bank, Eternal, IndiGo among 100 other companies reporting - CNBC TV18","Q3 Results This Week: Kotak Bank, Eternal, IndiGo among 100 other companies reporting  CNBC TV18",https://news.google.com/rss/articles/CBMi3wFBVV95cUxQWEZWLWlDdFhIZXlxVUt4RTBka2N2R0ZPQXZ5S003M3dwZEtnSUVKRk5UUmgtME9ibTJDb3VfY0J6aks2WnRWU09yZzZZVjl3SGwyVV80bmFxTmxUS3d4X1h6RmNxOTRqN1RVNXgxd0pSSkxFRGFKNm5XWlliclhUVDZwenJSYkMwVHRzZ21vZXJFV0pHRUZuRWQ3dE1LOE90N0hYRW1ZeEVENHpTXzRDcWdmSTl0OXA0dDRSaS11S0ItLWZCZ3Iwc0xDbDlHX2J0SVBhZU1fQ01vMW5CMXBF0gHkAUFVX3lxTE5kaVM0bGM5R28yc3FhMlZPeUVQM0FzdXFiNjBNOTlRRnBocUs0blRTcldkd0xQRkVyOWJEczR5UzBzMWdNUjZEZng4ckQwNFV3Qm95a0xEUlJDVEdRdTFDWTgzbG8wWWdhYzJKRXVMN2J5aU85aUdBenVSVjNGZW9MaDdveUNGa2F2RG1xbTFSN0JSbEpoMm00TDVVb2tWQ2l3NDRPOWE4YkhXcmt2cXdULXhELXVhVmM5RWVoWWFtbVE1Um1hUEx5MllFczFkSVU2d194eTc0N0VoWkpKWElCeUxZYQ?oc=5&hl=en-IN&gl=IN&ceid=IN:en,CNBC TV18
KOTAKBANK,"Tue, 30 Dec 2025 08:00:00 GMT",Kotak Mahindra Bank stock split: How many shares will investors receive? - Trade Brains,Kotak Mahindra Bank stock split: How many shares will investors receive?  Trade Brains,https://news.google.com/rss/articles/CBMimgFBVV95cUxOdE9pSWV2Q3FMVk01VE9jWWFHd2I3T2VVVXRDNEJwSmpDaUtVcGN1VGRrZzVSYkN4bG83WmYzb1pLNUROUTNVOTVxT0JmTGtMY2FrakVlbE1vMFc5NVp1ZGw1TWJvZUZjMjVWRHh6RzlvRkxrVE1rYXJpaVAtR01nWGtubll5SG9PQXA0c0ZncFFnek03S3dhWFBR?oc=5&hl=en-IN&gl=IN&ceid=IN:en,Trade Brains
KOTAKBANK,"Wed, 24 Dec 2025 08:00:00 GMT",Kotak Bank Share Price Highlights: Kotak Bank Stock Price History - The Economic Times,Kotak Bank Share Price Highlights: Kotak Bank Stock Price History  The Economic Times,https://news.google.com/rss/articles/CBMixAFBVV95cUxNbEozYks5SFhodFpKa3ZLb2xVbV9aVmoxV0Z3RFNGcTI2enVGOW9FYkVkUjg3TEF0ekRRZjhtR0RUVUt2STcwTDFTcWVWdVdpSmlpV2dydUN0cVJ1NEcyU19qWHVxVW9Fc05uUUNDWVZuaFU4V3B4ODlCSlBEQncwclJvTk0yN2pwMm9PV1Z1SXBmSGpsVWhXLTViT254RTBuRWhCOWU4emtxWnR4UUtCTGZEaGdLQTVVN01kc2RzbnFwNENM0gHKAUFVX3lxTFBNUmpDd2lJR0NoTnZoMkp4Y013WDlwRUhWX1hwR1dUYjhCdGtRMExrMmhpbHExLUdLYnV0dVFFZHdDUUNQRWV6QmQ0LUpoeFUtMzdTVF9FYWNwLTAtYm1zRktRUDdFOWprZlhGTTFKWHBlblRFY3VBWEFNckJhMk9wdUVBUE5vTk9VSVNJcHZFaGNpRW52Z0ZUYk02bU9yb0Y0a1k3RlFRd2dIVmtVRHl2ckMzWFFDdUZucGlqa3VxSEhWNmhuYWk2dXc?oc=5&hl=en-IN&gl=IN&ceid=IN:en,The Economic Times
KOTAKBANK,"Mon, 29 Dec 2025 08:00:00 GMT",KotakBank is not in a breakout mode right now but it’s forming a base. - Global Market Influence & Low Risk Capital Appreciation - bollywoodhelpline.com,KotakBank is not in a breakout mode right now but it’s forming a base. - Global Market Influence & Low Risk Capital Appreciation  bollywoodhelpline.com,https://news.google.com/rss/articles/CBMiswFBVV95cUxNbmdqZ0ZMRjFwSmVYdDNFUlFnUDVEb3BweUpKdkp0S0wxV0gyTDNqVW1RT0VnckJVbjhSQWMxYmtuVWh2ZEw3WTBHb3oxOFoyTThZSjBUMFVCRWJnX19YNy1Kd2xQSThmTGxVT1ZRbWYxdjFuSWdhV2xsbk1zMl9td0VCVE00ZGVISWtRaVN0RTYzNnF2RFlIcmFOOUlXSkpFV09oUnlSUTFkdENFQ2pya1F4OA?oc=5&hl=en-IN&gl=IN&ceid=IN:en,bollywoodhelpline.com
KOTAKBANK,"Sat, 17 Jan 2026 04:03:10 GMT","Q3 results: Kotak Bank, BHEL, IndiGo, Hind Zinc to post earnings next week; check date - Business Today","Q3 results: Kotak Bank, BHEL, IndiGo, Hind Zinc to post earnings next week; check date  Business Today",https://news.google.com/rss/articles/CBMi4wFBVV95cUxQbkU2eWw2aGZHbzdVSENGTDdQbE95MElpTDEtV205cmtnOWZqYlpfVnhqQVJxUzh6V1RmQWFkVnVfb0dDR2lKb0V5eEF4dTVRNW43dzFkUzBQWWdnOVZOUWpOX3JzTjBHZFdDc2pSeVVDbnhWamFSLWV0RFBsZHhFTWNrWHo2XzZHVjhvdVh1bEpqQVJaWElMR3o2WHNkekdKdlZJdERqRDQwTVVxSEdLSlQ1M2ZTUW16WjFBcjEzeXFpbklMVnR2RHNMb1hpdVN0NmRTSFhCR3hBQktrOUJIOGdLTdIB6AFBVV95cUxNZDNlMXZrbk96ZE1SQ3gyMGYzQ2pIRXpSTi1zNGpwdkg4MTRuZkRzZGlweHJyUE9UdDVFRng0TjJrVUQ2dlVNZlVRak15Qmk3MldBZ0ttSExEU0ZzbTZia0Nwd1ZWdzdXdHJNdVJGM21pRS11MVM3Y1NFcnpxUFdiWXRVUEE0OFFObTN1MkRhSGNRd2o5UlhpV1lYSXdQWWM2SW9GdTRLWWF0ZmRrbUxzeGhWTllDQTJQRlQ1QUlzUzN5LTU0ZmE3ZERBc0ZSd2RQcFFLV1BjMHhIZWtOQlJnclJPYU92cGxD?oc=5&hl=en-IN&gl=IN&ceid=IN:en,Business Today
KOTAKBANK,"Fri, 26 Dec 2025 08:00:00 GMT","New year stock picks: Eternal, Kotak Mahindra Bank among top picks for 2026 - Business Today","New year stock picks: Eternal, Kotak Mahindra Bank among top picks for 2026  Business Today",https://news.google.com/rss/articles/CBMi2AFBVV95cUxOY21Kenp1MVZ0eDF3Y0d3VHlFM2FMVmNtU2U4Vzk0VDMzS3RucHR4SE5xR2lqUmttbFVqVXlBbE9jSUNBRmMtWW9UMmM2bFhrMWxXWG1IRXRrbnFmWjA1ei15N1JhSkxhLTVCV2Y5ekhvVEdWdjlXRUlWSnd3T0NYZzlGTHplN3IxT0tqSWl5a3pRcDhqYUMzRE5zZWVXbVBoUGtqUnkybzRNbFR5S0x1Vmw3RWMxWTRsMDYxSXRPeUFUVDZqVE91dWRjOWtudEU0N0xYR3NNS03SAd4BQVVfeXFMUDkzMEM5cVdvaDFzbURhQ0ZweFBlZ0JBTjdTWWJvdzVaZkxmamFDTGpZQ3d1dnc0c3ZjSjY5bnlFeDRmQ3Y2UWdlVThmLTZLOU55MXhmSTVxV0lYWjdWaDNNNnZrVHU2SHVpdHJpbWhEOElOS2I1amUzRlA1UGxoVnNkMERDZWxSMEFlcGppaHNoMXlucHJnMjhkTFVXalJ6LThKNUZVbVlqYnUxbml3aDdORllfX1BoNXZITW1HeEFXM2dwLXVGcHJlVmQydGRFQmZzTndQYjVLbXp3VmNn?oc=5&hl=en-IN&gl=IN&ceid=IN:en,Business Today
KOTAKBANK,"Tue, 30 Dec 2025 08:00:00 GMT",Kotak Mahindra Bank Limited (KOTAKBANK) Gets Regulatory Approval - Sell Signals and Alerts & Fast Profit Strategies - bollywoodhelpline.com,Kotak Mahindra Bank Limited (KOTAKBANK) Gets Regulatory Approval - Sell Signals and Alerts & Fast Profit Strategies  bollywoodhelpline.com,https://news.google.com/rss/articles/CBMitAFBVV95cUxPNjVKR2JCbVJYWDYtYlhPcXpRVzVNRERpNE1RYTRBZktJS2tHcm1LLTJkNXgwZnFiR3J6R3dEY2E3eHY3NG5NMWlEZC1tWUJCNFpDUGcyRjBWRllLb0JUX3RuZ1AxOFUyMWU0OGl2V3NiXzJnOTBIUHE4TmVadHFkM2RjbmRfR3FGeHJpcllIeE4zaHh5Q1I0X3VwLXFYa0VrRzhZMWk1U0pyOWdLVzNjajFzNHU?oc=5&hl=en-IN&gl=IN&ceid=IN:en,bollywoodhelpline.com
KOTAKBANK,"Mon, 05 Jan 2026 08:00:00 GMT","Kotak Bank Q3 Updates: Net advances jump 16% YoY to Rs 4.8 lakh crore, deposits rise 15% - The Economic Times","Kotak Bank Q3 Updates: Net advances jump 16% YoY to Rs 4.8 lakh crore, deposits rise 15%  The Economic Times",https://news.google.com/rss/articles/CBMi7wFBVV95cUxPalZFYng2U1hoMXF2cDgwcVA2NE9jcXFWcFlwWHFKRmowN2dUTzMyUDZQdTJpSHBPUGdaX1ctTFZTaWRDU0tfTWFRZDBzOE1iUjVSYXlIeVZmVXlOVVpKc0s4bWhxeWNIMHhZci1zajNwZFNkU2ttRmI3RnNZWnoxMUVOMmo3dmVld2p1aVU0MUFIR2JBNU9vUXFoOExkQWxMWDlRMGtDdTBpelB0Unc2bk5IV3otdFhaSEZlSHVzTmp4S3FIX2FaZDdvbjE4a2dBeGFaaUsyUDJhY0hhbVoxY0c4bkVLOUtGdFBDbERtZ9IB9AFBVV95cUxOcmo0Ry1BejE1a3Y4OVJHUnQzNHduNF9MeC0wdzl6MHdLOEdpUjI1MDE0RUs4aE9oQTZOWm41ZTAyaER3Rm9FRHZ2MEt3aDZLZlNXdEV0OGJYdHlLR0tFbVFVSUNOT0dlX0dwTmFHWWlnZzBabTdjWUxxWFFOV3Z5bXFQQ0FsNFYyajU5U3liMDdjTUo4eTZQUmh2RUhMQmV1T1hkcEFGcTFkMzZoYTBtQm00NWpIU3RfWVNwekhILWFBNjJIUGVTTS0ySGpkREpzWlZ1M3hCV0FhQ0RvWWJkU1VyeUFTTWtqRHdqVk5VcFFiOXlz?oc=5&hl=en-IN&gl=IN&ceid=IN:en,The Economic Times
KOTAKBANK,"Wed, 14 Jan 2026 08:01:31 GMT","Stocks making the biggest moves midday: Coal India, Hindustan Zinc, Kotak Mahindra Bank, Groww and more - The Financial Express","Stocks making the biggest moves midday: Coal India, Hindustan Zinc, Kotak Mahindra Bank, Groww and more  The Financial Express",https://news.google.com/rss/articles/CBMi4gFBVV95cUxPNGJXeWxVMDlqeEtlbE1LMW90R3U4cXN6c3hvVndYUzl1bWE5VVRCZEp2NFVWZjFwd3ZQazhCcHB1cHR4WGZ5bGI2VVNpLVlsenR4bzk2UVhxc2VFQlFBSmdwVzlzTFpkTGxHTHRVN1RPU0haU1FiaXNVRnUyVHdJV0d2cy1FVmpuWUFidk5jX0l6dGxPTkFUN0J1aFFaU1NjNzZoR1YtTDF5N2dfMVRSeEdwY25rOUNUQ1kyVEdXLXZrYWExSDIzS3N3b2M3NGxWYUpjT1luQ3JyX2NKX0loV2Jn0gHoAUFVX3lxTE9mc0wxck92amhQazdiY3lUNldsd0tYMXllbFJTcGZNVEFSMUdtMndTRG1oWXk3QjF5R2gzWlZwZFpUSm9KVmV4UUNwRE1ZOEZITlhJMnYtak9yYmdCQklfVEExUm1ZSFItdWMtaWlPVy0tUXZvOGZQOFhvMm1nUTloR2hHSjVDdTUyZ2RHTFMtTmZNSVAwSVNVNTdkQzQxZzV4bmNfLUJJcmdUN2g5Y0NLU0UwYXhHdUcyaTh6M3VKTXRpYzB5WllDRlYzdmVncDlJWEhEamRrWUlQcVNyLVpTWmY5NXUtUXA?oc=5&hl=en-IN&gl=IN&ceid=IN:en,The Financial Express
KOTAKBANK,"Tue, 06 Jan 2026 08:00:00 GMT","Top stocks in news: Kotak Bank, Adani Ports, ONGC, Trent, IndusInd Bank, IEX, Dabur, NBCC - Business Today","Top stocks in news: Kotak Bank, Adani Ports, ONGC, Trent, IndusInd Bank, IEX, Dabur, NBCC  Business Today",https://news.google.com/rss/articles/CBMi4wFBVV95cUxOd1ZCV2gwWVVxUHhRWkNDYi1BS3FEbHJuUkZrTVZuVUdwME45ZXZlSm94V1hTc0lIOTFVYS1HRXhCQ1ZvOGpJUGlKSC1PQ3J3bkpxOEJ0aW1nZzR3OWlJTlBtLUU2eFk3VGVIUk16eFpfdVNSVmo2RWlBaFU3OUtIMkxVNnlLeWgwVThqSjFHMWswU1lTbWVGczhTYmVRN0N0elFSckh1d2ZERVMtRVgxX3RvTlFMT1pDRkM1MnFlbklvTS1TYVJnMExJdGh2dEJ6Zmt2ZkZOTXlmUWVDTnZKYzAxUdIB6AFBVV95cUxPdUtlcEpZM3BVQ0hYQVNtYWFWMlZNQVlveE9ZdzRUdHhjLVVtZ19NUUZISEtXcnZ4SmlZMGMzMzVNdjFTMGc1VkVSSnMzME9fZlF2UWpRdVByWmRpU2hsTkJ4TEM3RVNLeXhfbkxZVDZEVW1HdXd6cGlqQmd3bDVYX2szUUozaTV1Nk8wWnl4cjZueXlpaFpTWFdfeXFFVGpnY3MwV0dBbzNuSUVwWkFNckp4MDRqV2dlaU11d2dBZkxwTlljYkFiNzVhMVFvcFJJTWNCQmdTdDJYLUpZOGtHbUIwMzB3bmxY?oc=5&hl=en-IN&gl=IN&ceid=IN:en,Business Today
KOTAKBANK,"Mon, 22 Dec 2025 08:00:00 GMT","Stocks in news: Infosys, Fortis Healthcare, Kotak Bank, SBI, Maruti Suzuki - The Economic Times","Stocks in news: Infosys, Fortis Healthcare, Kotak Bank, SBI, Maruti Suzuki  The Economic Times",https://news.google.com/rss/articles/CBMi2wFBVV95cUxNdktiOFY4Sk5tLUJlZTNoaW0zYTRTcVVfVDlBakV2TFFvZkdEZ244QlhpeU9JWnpldGJ2Ylh3d1ZnZkxFT1FscWhibE8yY2hvXzdHZHJjcUh3RTd6VDRXTEY0aUpKeFU5bzBIVWl5dEZiaE5OMG8wUmpsTXAxQzRFdEhaQlQzcm41bzN6aDJIYldjYklGN3lZN08wRHpqbmhySHAxTkowMXozWWpRTzFRWGZhVmgyRERvZUZqbWd0U1N5NFhtQWlQamFhbkxoWHZ2dG1sVGthbUVrYk3SAeABQVVfeXFMTWowTGVRSlduYUVMcXpLc3UtMVJscWdZLWZYclc4LWRYOGZHb1RiV0t3ekNvRGhzX2w1Y3BQdWs1NWtGUm91WmllMUpzMWUzSnRZZWRSdl9oTmh5bWlXMmZUUGx6a3FNYUhfSC1sUnFuSjJJYkxISWlNRnFhTmpoZ2JqZ2hTZ2FaZXVVZWp3eTcwQUFmVXRnYTZ1VTZtaG03Ykh5WC1vUE14OVgzWHY5dDZ6emg2WmozS2Y5SndDUmFkbkJ2NkNFYlZna09ma2M5RWVGanZxOFB1YU9idGlkeUU?oc=5&hl=en-IN&gl=IN&ceid=IN:en,The Economic Times
KOTAKBANK,"Tue, 06 Jan 2026 08:00:00 GMT","Axis Bank, HDFC Bank, Kotak Mahindra Bank: Which stock to buy after Q3 updates - Business Today","Axis Bank, HDFC Bank, Kotak Mahindra Bank: Which stock to buy after Q3 updates  Business Today",https://news.google.com/rss/articles/CBMi2wFBVV95cUxQZ3hDZmVDUU9WNkZfQjByTzk1N2RVNlhRTUhON0xHbndOYmlvaDVOV3A0YVlPZTJ2UHVzODhOSHdaWTU1R25WWGQ5amlOZF9rNmhSWUlDWFJYbWhMTkpzT1hQNzBxUFBQa080bzJOWEltZXpJc0ZwdTlGSUVUYVhpTm1sOUQzSS13SUIxZWpsTi1pRmVoU2N4VkJnOHdJeFl6dmtTYVN5cWh6WXlPQW54UmFJV1VzZVdyQUhSQTV0b1FCX3FOM1VaRHc3d3lKM1h1UTk5YURQa215bUHSAeABQVVfeXFMTzRMOF9LcnluODlqUlU0VFJha2FrUHoyeGUwZ1htdTh5RUk0QzRaN05zV2tIdWpNUm9EdUcyNC1qWlZ4WGo1MjQxZVhiOTk1REFfTUQ5bVJnd0hNQUdjekZhS3VsWHNEVFdNbUR6a0NOLVdlcG1zVFdURkxmY1ZYb2h1SGtWb0tkRV94NHBkOU1wNnF6VUxFZkNTSzNXVHBTcVptOE1aQ1BnUU5RVExQencxVzhVdDhjVGE1c0hfTEpUU0NDTXl2VDZDYzF3YVVKUXJaT0w3ZU9aV2NGdE8tZWQ?oc=5&hl=en-IN&gl=IN&ceid=IN:en,Business Today
KOTAKBANK,"Wed, 07 Jan 2026 02:21:36 GMT",Kotak Mahindra Bank Limited (KOTAKBANK) vs yyy - Candlestick Pattern Analysis & Free Discover Fast Growing Stocks - bollywoodhelpline.com,Kotak Mahindra Bank Limited (KOTAKBANK) vs yyy - Candlestick Pattern Analysis & Free Discover Fast Growing Stocks  bollywoodhelpline.com,https://news.google.com/rss/articles/CBMinAFBVV95cUxOOFNqTnBLNWo4eUpXVWZrVzFwTFNOMzJ2bUdFUm1Mc0N3a1lhVEQ2X1lub1RwWWV0Z01WNnhtNUxneXprNTdOeUNXaG1vNDBzQ1BXb3psWHFOMW90TjBLZnRTWG9CbEFsc20wY3M5Y2pQZTlrVm1ZZElHMUE0SjNkQldNbnZ4ZzY3anN4UnNOT1U3VEpWamhjMW1LQkQ?oc=5&hl=en-IN&gl=IN&ceid=IN:en,bollywoodhelpline.com
KOTAKBANK,"Wed, 14 Jan 2026 08:00:00 GMT","Kotak Mahindra Bank Announces January 14, 2026 Record Date, Details Of 1:5 Stock Split Explained - Free Press Journal","Kotak Mahindra Bank Announces January 14, 2026 Record Date, Details Of 1:5 Stock Split Explained  Free Press Journal",https://news.google.com/rss/articles/CBMizwFBVV95cUxOYmVmZEdvZmlaYm1Yc2twV0xzRjZQUDhDTGUzSWxrMkp2c1dwc2d0V1k5cEE2bjk1RlJYM25seC1OMDdsRklKVDVUV01rcW54MnZzaUJVdE5Cd19hYU5KSEtNU1hiVV81Z09VaVpRR2RqbnIwd2w5bEMwNFJwRjFnXzl4bldneGhOYnFtV1pRUHZqWW94VC1weDB3M2t2WE5MNzlYclJXbk5FQlgzQUp2TnRPYTBmbzBmNExGQ0ZNaXF0U3pTUmw4a3RvbFJBVFXSAdQBQVVfeXFMT0ZvZkRMMHNRZTlxZ0xXTDJxM3hqUW9DbW5JcGhwOXUxQzNWZ0ptbmc2TW01dWJDMnJhaFd2cEJPQ1p0WC1oOXpOYUo2UzF5Y1JKVHB0dTg5cERSa1VzYVRzeVhVUFR3RjF2WUJyV2ppTFZ5THlId1RXdlRVM2NXUlZsRDhGSXQtMk4yN0xOY3cxRXFuekdsM3dhMVA0NjFIcm4xcndFalFsT1pIYkRnaHVWWlhPZldHMUpVNE9veUQ5TjdIWXJJQmxHam5xUlI0WGZNdjY?oc=5&hl=en-IN&gl=IN&ceid=IN:en,Free Press Journal
